{
    "loss": 0.916955828666687,
    "accuracy": 0.8448275923728943
}